Workbook

Sheet workers
A1: worker_id | B1: first_name | C1: last_name | D1: hire_date | E1: salary | F1: region | G1: store_id
A2: wr001 | B2: Mehriban | C2: Salmanova | D2: 45294 | E2: 930 | F2: Baki | G2: str001
A3: wr003 | B3: Samir | C3: Rəcəbov | D3: 45300 | E3: 830 | F3: Baki | G3: str001
A4: wr006 | B4: Sadiq | C4: Əliyev | D4: 45316 | E4: 700 | F4: Baki | G4: str001
A5: wr009 | B5: Ayan | C5: Səfərova | D5: 45328 | E5: 810 | F5: Baki | G5: str001
A6: wr013 | B6: Orxan | C6: Əliyev | D6: 45360 | E6: 670 | F6: Baki | G6: str002
A7: wr016 | B7: Murad | C7: Rzayev | D7: 45380 | E7: 900 | F7: Baki | G7: str002
A8: wr019 | B8: Aydın | C8: Fərzəliyev | D8: 45407 | E8: 810 | F8: Baki | G8: str002
A9: wr022 | B9: Əli | C9: Şıxlı | D9: 45465 | E9: 690 | F9: Baki | G9: str003
A10: wr023 | B10: Turanə | C10: Babayeva | D10: 45435 | E10: 930 | F10: Baki | G10: str003
A11: wr026 | B11: Elnur | C11: Kazımov | D11: 45450 | E11: 690 | F11: Baki | G11: str003
A12: wr027 | B12: Faiq | C12: Qarayev | D12: 45454 | E12: 880 | F12: Baki | G12: str003
A13: wr028 | B13: Nicat | C13: Orucov | D13: 45454 | E13: 900 | F13: Baki | G13: str004
... A51: wr050 | B51: Nihat | C51: Nəsirov | D51: 45557 | E51: 880 | F51: Sumqayit | G51: str012

Sheet products
A1: product_id | B1: product_name | C1: category
A2: pr001 | B2: Milk 1L | C2: Dairy
A3: pr002 | B3: Milk 2L | C3: Dairy
A4: pr003 | B4: Yogurt Plain 500g | C4: Dairy
A5: pr004 | B5: Yogurt Strawberry 500g | C5: Dairy
A6: pr005 | B6: Butter 200g | C6: Dairy
A7: pr006 | B7: Cheese Cheddar 250g | C7: Dairy
A8: pr007 | B8: Cheese Mozzarella 200g | C8: Dairy
A9: pr008 | B9: Cream 200ml | C9: Dairy
A10: pr009 | B10: Sour Cream 200g | C10: Dairy
A11: pr010 | B11: Kefir 1L | C11: Dairy
A12: pr011 | B12: Milk Almond 1L | C12: Dairy
... A101: pr100 | B101: Dishwashing Liquid | C101: Household

Sheet sales_09
A1: worker_id | B1: store_id | C1: product_id | D1: date | E1: price | F1: count
A2: {=_xlfn.CHOOSEROWS(workers!A$2:A$51, RANDBETWEEN(1,50))} -> wr042 | B2: =VLOOKUP(A2,workers!A$2:G$51,7,FALSE) -> str006 | C2: {=_xlfn.CHOOSEROWS(products!A$2:A$101, RANDBETWEEN(1,100))} -> pr030 | D2: =RANDBETWEEN(DATE(2025,9,1), DATE(2025,9,30)) -> 45926 | E2: =RANDBETWEEN(0.5, 25) -> 18 | F2: =RANDBETWEEN(1,50) -> 20
A3: {=_xlfn.CHOOSEROWS(workers!A$2:A$51, RANDBETWEEN(1,50))} -> wr003 | B3: =VLOOKUP(A3,workers!A$2:G$51,7,FALSE) -> str001 | C3: {=_xlfn.CHOOSEROWS(products!A$2:A$101, RANDBETWEEN(1,100))} -> pr074 | D3: =RANDBETWEEN(DATE(2025,9,1), DATE(2025,9,30)) -> 45920 | E3: =RANDBETWEEN(0.5, 25) -> 17 | F3: =RANDBETWEEN(1,50) -> 26
A4: {=_xlfn.CHOOSEROWS(workers!A$2:A$51, RANDBETWEEN(1,50))} -> wr010 | B4: =VLOOKUP(A4,workers!A$2:G$51,7,FALSE) -> str010 | C4: {=_xlfn.CHOOSEROWS(products!A$2:A$101, RANDBETWEEN(1,100))} -> pr004 | D4: =RANDBETWEEN(DATE(2025,9,1), DATE(2025,9,30)) -> 45917 | E4: =RANDBETWEEN(0.5, 25) -> 12 | F4: =RANDBETWEEN(1,50) -> 46
A5: {=_xlfn.CHOOSEROWS(workers!A$2:A$51, RANDBETWEEN(1,50))} -> wr006 | B5: =VLOOKUP(A5,workers!A$2:G$51,7,FALSE) -> str001 | C5: {=_xlfn.CHOOSEROWS(products!A$2:A$101, RANDBETWEEN(1,100))} -> pr058 | D5: =RANDBETWEEN(DATE(2025,9,1), DATE(2025,9,30)) -> 45919 | E5: =RANDBETWEEN(0.5, 25) -> 9 | F5: =RANDBETWEEN(1,50) -> 2
A6: {=_xlfn.CHOOSEROWS(workers!A$2:A$51, RANDBETWEEN(1,50))} -> wr050 | B6: =VLOOKUP(A6,workers!A$2:G$51,7,FALSE) -> str012 | C6: {=_xlfn.CHOOSEROWS(products!A$2:A$101, RANDBETWEEN(1,100))} -> pr049 | D6: =RANDBETWEEN(DATE(2025,9,1), DATE(2025,9,30)) -> 45926 | E6: =RANDBETWEEN(0.5, 25) -> 12 | F6: =RANDBETWEEN(1,50) -> 13
A7: {=_xlfn.CHOOSEROWS(workers!A$2:A$51, RANDBETWEEN(1,50))} -> wr005 | B7: =VLOOKUP(A7,workers!A$2:G$51,7,FALSE) -> str007 | C7: {=_xlfn.CHOOSEROWS(products!A$2:A$101, RANDBETWEEN(1,100))} -> pr033 | D7: =RANDBETWEEN(DATE(2025,9,1), DATE(2025,9,30)) -> 45919 | E7: =RANDBETWEEN(0.5, 25) -> 14 | F7: =RANDBETWEEN(1,50) -> 14
A8: {=_xlfn.CHOOSEROWS(workers!A$2:A$51, RANDBETWEEN(1,50))} -> wr046 | B8: =VLOOKUP(A8,workers!A$2:G$51,7,FALSE) -> str009 | C8: {=_xlfn.CHOOSEROWS(products!A$2:A$101, RANDBETWEEN(1,100))} -> pr027 | D8: =RANDBETWEEN(DATE(2025,9,1), DATE(2025,9,30)) -> 45908 | E8: =RANDBETWEEN(0.5, 25) -> 3 | F8: =RANDBETWEEN(1,50) -> 20
A9: {=_xlfn.CHOOSEROWS(workers!A$2:A$51, RANDBETWEEN(1,50))} -> wr030 | B9: =VLOOKUP(A9,workers!A$2:G$51,7,FALSE) -> str004 | C9: {=_xlfn.CHOOSEROWS(products!A$2:A$101, RANDBETWEEN(1,100))} -> pr018 | D9: =RANDBETWEEN(DATE(2025,9,1), DATE(2025,9,30)) -> 45930 | E9: =RANDBETWEEN(0.5, 25) -> 23 | F9: =RANDBETWEEN(1,50) -> 24
A10: {=_xlfn.CHOOSEROWS(workers!A$2:A$51, RANDBETWEEN(1,50))} -> wr002 | B10: =VLOOKUP(A10,workers!A$2:G$51,7,FALSE) -> str011 | C10: {=_xlfn.CHOOSEROWS(products!A$2:A$101, RANDBETWEEN(1,100))} -> pr050 | D10: =RANDBETWEEN(DATE(2025,9,1), DATE(2025,9,30)) -> 45919 | E10: =RANDBETWEEN(0.5, 25) -> 2 | F10: =RANDBETWEEN(1,50) -> 13
A11: {=_xlfn.CHOOSEROWS(workers!A$2:A$51, RANDBETWEEN(1,50))} -> wr028 | B11: =VLOOKUP(A11,workers!A$2:G$51,7,FALSE) -> str004 | C11: {=_xlfn.CHOOSEROWS(products!A$2:A$101, RANDBETWEEN(1,100))} -> pr028 | D11: =RANDBETWEEN(DATE(2025,9,1), DATE(2025,9,30)) -> 45923 | E11: =RANDBETWEEN(0.5, 25) -> 5 | F11: =RANDBETWEEN(1,50) -> 3
A12: {=_xlfn.CHOOSEROWS(workers!A$2:A$51, RANDBETWEEN(1,50))} -> wr029 | B12: =VLOOKUP(A12,workers!A$2:G$51,7,FALSE) -> str004 | C12: {=_xlfn.CHOOSEROWS(products!A$2:A$101, RANDBETWEEN(1,100))} -> pr049 | D12: =RANDBETWEEN(DATE(2025,9,1), DATE(2025,9,30)) -> 45914 | E12: =RANDBETWEEN(0.5, 25) -> 9 | F12: =RANDBETWEEN(1,50) -> 44
A13: {=_xlfn.CHOOSEROWS(workers!A$2:A$51, RANDBETWEEN(1,50))} -> wr030 | B13: =VLOOKUP(A13,workers!A$2:G$51,7,FALSE) -> str004 | C13: {=_xlfn.CHOOSEROWS(products!A$2:A$101, RANDBETWEEN(1,100))} -> pr064 | D13: =RANDBETWEEN(DATE(2025,9,1), DATE(2025,9,30)) -> 45912 | E13: =RANDBETWEEN(0.5, 25) -> 23 | F13: =RANDBETWEEN(1,50) -> 28
... A3001: {=_xlfn.CHOOSEROWS(workers!A$2:A$51, RANDBETWEEN(1,50))} -> wr004 | B3001: =VLOOKUP(A3001,workers!A$2:G$51,7,FALSE) -> str011 | C3001: {=_xlfn.CHOOSEROWS(products!A$2:A$101, RANDBETWEEN(1,100))} -> pr024 | D3001: =RANDBETWEEN(DATE(2025,9,1), DATE(2025,9,30)) -> 45928 | E3001: =RANDBETWEEN(0.5, 25) -> 2 | F3001: =RANDBETWEEN(1,50) -> 24

Sheet sales_10
A1: worker_id | B1: store_id | C1: product_id | D1: date | E1: price | F1: count
A2: {=_xlfn.CHOOSEROWS(workers!A$2:A$51, RANDBETWEEN(1,50))} -> wr012 | B2: =VLOOKUP(A2,workers!A$2:G$51,7,FALSE) -> str008 | C2: {=_xlfn.CHOOSEROWS(products!A$2:A$101, RANDBETWEEN(1,100))} -> pr091 | D2: =RANDBETWEEN(DATE(2025,10,1), DATE(2025,10,31)) -> 45931 | E2: =RANDBETWEEN(0.5, 25) -> 10 | F2: =RANDBETWEEN(1,25) -> 13
A3: {=_xlfn.CHOOSEROWS(workers!A$2:A$51, RANDBETWEEN(1,50))} -> wr039 | B3: =VLOOKUP(A3,workers!A$2:G$51,7,FALSE) -> str005 | C3: {=_xlfn.CHOOSEROWS(products!A$2:A$101, RANDBETWEEN(1,100))} -> pr017 | D3: =RANDBETWEEN(DATE(2025,10,1), DATE(2025,10,31)) -> 45931 | E3: =RANDBETWEEN(0.5, 25) -> 14 | F3: =RANDBETWEEN(1,25) -> 7
A4: {=_xlfn.CHOOSEROWS(workers!A$2:A$51, RANDBETWEEN(1,50))} -> wr033 | B4: =VLOOKUP(A4,workers!A$2:G$51,7,FALSE) -> str004 | C4: {=_xlfn.CHOOSEROWS(products!A$2:A$101, RANDBETWEEN(1,100))} -> pr086 | D4: =RANDBETWEEN(DATE(2025,10,1), DATE(2025,10,31)) -> 45931 | E4: =RANDBETWEEN(0.5, 25) -> 1 | F4: =RANDBETWEEN(1,25) -> 18
A5: {=_xlfn.CHOOSEROWS(workers!A$2:A$51, RANDBETWEEN(1,50))} -> wr009 | B5: =VLOOKUP(A5,workers!A$2:G$51,7,FALSE) -> str001 | C5: {=_xlfn.CHOOSEROWS(products!A$2:A$101, RANDBETWEEN(1,100))} -> pr086 | D5: =RANDBETWEEN(DATE(2025,10,1), DATE(2025,10,31)) -> 45957 | E5: =RANDBETWEEN(0.5, 25) -> 21 | F5: =RANDBETWEEN(1,25) -> 24
A6: {=_xlfn.CHOOSEROWS(workers!A$2:A$51, RANDBETWEEN(1,50))} -> wr021 | B6: =VLOOKUP(A6,workers!A$2:G$51,7,FALSE) -> str008 | C6: {=_xlfn.CHOOSEROWS(products!A$2:A$101, RANDBETWEEN(1,100))} -> pr100 | D6: =RANDBETWEEN(DATE(2025,10,1), DATE(2025,10,31)) -> 45959 | E6: =RANDBETWEEN(0.5, 25) -> 24 | F6: =RANDBETWEEN(1,25) -> 14
A7: {=_xlfn.CHOOSEROWS(workers!A$2:A$51, RANDBETWEEN(1,50))} -> wr025 | B7: =VLOOKUP(A7,workers!A$2:G$51,7,FALSE) -> str012 | C7: {=_xlfn.CHOOSEROWS(products!A$2:A$101, RANDBETWEEN(1,100))} -> pr042 | D7: =RANDBETWEEN(DATE(2025,10,1), DATE(2025,10,31)) -> 45950 | E7: =RANDBETWEEN(0.5, 25) -> 6 | F7: =RANDBETWEEN(1,25) -> 16
A8: {=_xlfn.CHOOSEROWS(workers!A$2:A$51, RANDBETWEEN(1,50))} -> wr010 | B8: =VLOOKUP(A8,workers!A$2:G$51,7,FALSE) -> str010 | C8: {=_xlfn.CHOOSEROWS(products!A$2:A$101, RANDBETWEEN(1,100))} -> pr031 | D8: =RANDBETWEEN(DATE(2025,10,1), DATE(2025,10,31)) -> 45954 | E8: =RANDBETWEEN(0.5, 25) -> 15 | F8: =RANDBETWEEN(1,25) -> 12
A9: {=_xlfn.CHOOSEROWS(workers!A$2:A$51, RANDBETWEEN(1,50))} -> wr020 | B9: =VLOOKUP(A9,workers!A$2:G$51,7,FALSE) -> str011 | C9: {=_xlfn.CHOOSEROWS(products!A$2:A$101, RANDBETWEEN(1,100))} -> pr046 | D9: =RANDBETWEEN(DATE(2025,10,1), DATE(2025,10,31)) -> 45953 | E9: =RANDBETWEEN(0.5, 25) -> 4 | F9: =RANDBETWEEN(1,25) -> 12
A10: {=_xlfn.CHOOSEROWS(workers!A$2:A$51, RANDBETWEEN(1,50))} -> wr041 | B10: =VLOOKUP(A10,workers!A$2:G$51,7,FALSE) -> str006 | C10: {=_xlfn.CHOOSEROWS(products!A$2:A$101, RANDBETWEEN(1,100))} -> pr092 | D10: =RANDBETWEEN(DATE(2025,10,1), DATE(2025,10,31)) -> 45957 | E10: =RANDBETWEEN(0.5, 25) -> 22 | F10: =RANDBETWEEN(1,25) -> 6
A11: {=_xlfn.CHOOSEROWS(workers!A$2:A$51, RANDBETWEEN(1,50))} -> wr004 | B11: =VLOOKUP(A11,workers!A$2:G$51,7,FALSE) -> str011 | C11: {=_xlfn.CHOOSEROWS(products!A$2:A$101, RANDBETWEEN(1,100))} -> pr072 | D11: =RANDBETWEEN(DATE(2025,10,1), DATE(2025,10,31)) -> 45959 | E11: =RANDBETWEEN(0.5, 25) -> 9 | F11: =RANDBETWEEN(1,25) -> 2
A12: {=_xlfn.CHOOSEROWS(workers!A$2:A$51, RANDBETWEEN(1,50))} -> wr004 | B12: =VLOOKUP(A12,workers!A$2:G$51,7,FALSE) -> str011 | C12: {=_xlfn.CHOOSEROWS(products!A$2:A$101, RANDBETWEEN(1,100))} -> pr096 | D12: =RANDBETWEEN(DATE(2025,10,1), DATE(2025,10,31)) -> 45940 | E12: =RANDBETWEEN(0.5, 25) -> 7 | F12: =RANDBETWEEN(1,25) -> 10
A13: {=_xlfn.CHOOSEROWS(workers!A$2:A$51, RANDBETWEEN(1,50))} -> wr025 | B13: =VLOOKUP(A13,workers!A$2:G$51,7,FALSE) -> str012 | C13: {=_xlfn.CHOOSEROWS(products!A$2:A$101, RANDBETWEEN(1,100))} -> pr089 | D13: =RANDBETWEEN(DATE(2025,10,1), DATE(2025,10,31)) -> 45934 | E13: =RANDBETWEEN(0.5, 25) -> 2 | F13: =RANDBETWEEN(1,25) -> 10
... A2376: {=_xlfn.CHOOSEROWS(workers!A$2:A$51, RANDBETWEEN(1,50))} -> wr050 | B2376: =VLOOKUP(A2376,workers!A$2:G$51,7,FALSE) -> str012 | C2376: {=_xlfn.CHOOSEROWS(products!A$2:A$101, RANDBETWEEN(1,100))} -> pr058 | D2376: =RANDBETWEEN(DATE(2025,10,1), DATE(2025,10,31)) -> 45933 | E2376: =RANDBETWEEN(0.5, 25) -> 21 | F2376: =RANDBETWEEN(1,25) -> 6

Sheet sales_11
A1: worker_id | B1: store_id | C1: product_id | D1: date | E1: price | F1: count
A2: {=_xlfn.CHOOSEROWS(workers!A$2:A$51, RANDBETWEEN(1,50))} -> wr046 | B2: =VLOOKUP(A2,workers!A$2:G$51,7,FALSE) -> str009 | C2: {=_xlfn.CHOOSEROWS(products!A$2:A$101, RANDBETWEEN(1,100))} -> pr082 | D2: =RANDBETWEEN(DATE(2025,11,1), DATE(2025,11,30)) -> 45971 | E2: =RANDBETWEEN(10, 50) -> 48 | F2: =RANDBETWEEN(1,15) -> 5
A3: {=_xlfn.CHOOSEROWS(workers!A$2:A$51, RANDBETWEEN(1,50))} -> wr036 | B3: =VLOOKUP(A3,workers!A$2:G$51,7,FALSE) -> str005 | C3: {=_xlfn.CHOOSEROWS(products!A$2:A$101, RANDBETWEEN(1,100))} -> pr039 | D3: =RANDBETWEEN(DATE(2025,11,1), DATE(2025,11,30)) -> 45969 | E3: =RANDBETWEEN(10, 50) -> 39 | F3: =RANDBETWEEN(1,15) -> 10
A4: {=_xlfn.CHOOSEROWS(workers!A$2:A$51, RANDBETWEEN(1,50))} -> wr015 | B4: =VLOOKUP(A4,workers!A$2:G$51,7,FALSE) -> str008 | C4: {=_xlfn.CHOOSEROWS(products!A$2:A$101, RANDBETWEEN(1,100))} -> pr028 | D4: =RANDBETWEEN(DATE(2025,11,1), DATE(2025,11,30)) -> 45968 | E4: =RANDBETWEEN(10, 50) -> 44 | F4: =RANDBETWEEN(1,15) -> 15
A5: {=_xlfn.CHOOSEROWS(workers!A$2:A$51, RANDBETWEEN(1,50))} -> wr046 | B5: =VLOOKUP(A5,workers!A$2:G$51,7,FALSE) -> str009 | C5: {=_xlfn.CHOOSEROWS(products!A$2:A$101, RANDBETWEEN(1,100))} -> pr018 | D5: =RANDBETWEEN(DATE(2025,11,1), DATE(2025,11,30)) -> 45977 | E5: =RANDBETWEEN(10, 50) -> 21 | F5: =RANDBETWEEN(1,15) -> 8
A6: {=_xlfn.CHOOSEROWS(workers!A$2:A$51, RANDBETWEEN(1,50))} -> wr023 | B6: =VLOOKUP(A6,workers!A$2:G$51,7,FALSE) -> str003 | C6: {=_xlfn.CHOOSEROWS(products!A$2:A$101, RANDBETWEEN(1,100))} -> pr100 | D6: =RANDBETWEEN(DATE(2025,11,1), DATE(2025,11,30)) -> 45981 | E6: =RANDBETWEEN(10, 50) -> 26 | F6: =RANDBETWEEN(1,15) -> 14
A7: {=_xlfn.CHOOSEROWS(workers!A$2:A$51, RANDBETWEEN(1,50))} -> wr017 | B7: =VLOOKUP(A7,workers!A$2:G$51,7,FALSE) -> str008 | C7: {=_xlfn.CHOOSEROWS(products!A$2:A$101, RANDBETWEEN(1,100))} -> pr074 | D7: =RANDBETWEEN(DATE(2025,11,1), DATE(2025,11,30)) -> 45985 | E7: =RANDBETWEEN(10, 50) -> 30 | F7: =RANDBETWEEN(1,15) -> 5
A8: {=_xlfn.CHOOSEROWS(workers!A$2:A$51, RANDBETWEEN(1,50))} -> wr026 | B8: =VLOOKUP(A8,workers!A$2:G$51,7,FALSE) -> str003 | C8: {=_xlfn.CHOOSEROWS(products!A$2:A$101, RANDBETWEEN(1,100))} -> pr084 | D8: =RANDBETWEEN(DATE(2025,11,1), DATE(2025,11,30)) -> 45984 | E8: =RANDBETWEEN(10, 50) -> 45 | F8: =RANDBETWEEN(1,15) -> 8
A9: {=_xlfn.CHOOSEROWS(workers!A$2:A$51, RANDBETWEEN(1,50))} -> wr028 | B9: =VLOOKUP(A9,workers!A$2:G$51,7,FALSE) -> str004 | C9: {=_xlfn.CHOOSEROWS(products!A$2:A$101, RANDBETWEEN(1,100))} -> pr041 | D9: =RANDBETWEEN(DATE(2025,11,1), DATE(2025,11,30)) -> 45975 | E9: =RANDBETWEEN(10, 50) -> 28 | F9: =RANDBETWEEN(1,15) -> 7
A10: {=_xlfn.CHOOSEROWS(workers!A$2:A$51, RANDBETWEEN(1,50))} -> wr037 | B10: =VLOOKUP(A10,workers!A$2:G$51,7,FALSE) -> str009 | C10: {=_xlfn.CHOOSEROWS(products!A$2:A$101, RANDBETWEEN(1,100))} -> pr028 | D10: =RANDBETWEEN(DATE(2025,11,1), DATE(2025,11,30)) -> 45963 | E10: =RANDBETWEEN(10, 50) -> 22 | F10: =RANDBETWEEN(1,15) -> 8
A11: {=_xlfn.CHOOSEROWS(workers!A$2:A$51, RANDBETWEEN(1,50))} -> wr032 | B11: =VLOOKUP(A11,workers!A$2:G$51,7,FALSE) -> str010 | C11: {=_xlfn.CHOOSEROWS(products!A$2:A$101, RANDBETWEEN(1,100))} -> pr045 | D11: =RANDBETWEEN(DATE(2025,11,1), DATE(2025,11,30)) -> 45974 | E11: =RANDBETWEEN(10, 50) -> 15 | F11: =RANDBETWEEN(1,15) -> 7
A12: {=_xlfn.CHOOSEROWS(workers!A$2:A$51, RANDBETWEEN(1,50))} -> wr028 | B12: =VLOOKUP(A12,workers!A$2:G$51,7,FALSE) -> str004 | C12: {=_xlfn.CHOOSEROWS(products!A$2:A$101, RANDBETWEEN(1,100))} -> pr068 | D12: =RANDBETWEEN(DATE(2025,11,1), DATE(2025,11,30)) -> 45984 | E12: =RANDBETWEEN(10, 50) -> 43 | F12: =RANDBETWEEN(1,15) -> 15
A13: {=_xlfn.CHOOSEROWS(workers!A$2:A$51, RANDBETWEEN(1,50))} -> wr033 | B13: =VLOOKUP(A13,workers!A$2:G$51,7,FALSE) -> str004 | C13: {=_xlfn.CHOOSEROWS(products!A$2:A$101, RANDBETWEEN(1,100))} -> pr081 | D13: =RANDBETWEEN(DATE(2025,11,1), DATE(2025,11,30)) -> 45979 | E13: =RANDBETWEEN(10, 50) -> 46 | F13: =RANDBETWEEN(1,15) -> 14
... A2731: {=_xlfn.CHOOSEROWS(workers!A$2:A$51, RANDBETWEEN(1,50))} -> wr012 | B2731: =VLOOKUP(A2731,workers!A$2:G$51,7,FALSE) -> str008 | C2731: {=_xlfn.CHOOSEROWS(products!A$2:A$101, RANDBETWEEN(1,100))} -> pr062 | D2731: =RANDBETWEEN(DATE(2025,11,1), DATE(2025,11,30)) -> 45990 | E2731: =RANDBETWEEN(10, 50) -> 25 | F2731: =RANDBETWEEN(1,15) -> 6
